{
  "selected_features": [
    "age",
    "albumin",
    "sugar",
    "blood_glucose_random",
    "blood_urea",
    "serum_creatinine",
    "haemoglobin",
    "packed_cell_volume",
    "white_blood_cell_count",
    "hypertension"
  ],
  "train_accuracy": 0.996875,
  "test_accuracy": 0.9375,
  "train_size": 320,
  "test_size": 80,
  "confusion_matrix": [
    [
      48,
      2
    ],
    [
      3,
      27
    ]
  ],
  "classification_report": {
    "0": {
      "precision": 0.9411764705882353,
      "recall": 0.96,
      "f1-score": 0.9504950495049505,
      "support": 50.0
    },
    "1": {
      "precision": 0.9310344827586207,
      "recall": 0.9,
      "f1-score": 0.9152542372881356,
      "support": 30.0
    },
    "accuracy": 0.9375,
    "macro avg": {
      "precision": 0.936105476673428,
      "recall": 0.9299999999999999,
      "f1-score": 0.932874643396543,
      "support": 80.0
    },
    "weighted avg": {
      "precision": 0.9373732251521296,
      "recall": 0.9375,
      "f1-score": 0.937279744923645,
      "support": 80.0
    }
  }
}